Name,Age,Occupation,Company,City,Email
Alice Johnson,29,Data Scientist,DataNova,San Francisco,alice.johnson@datanova.com
Bob Smith,35,Product Manager,InnovaCorp,New York,bob.smith@innovacorp.com
Charlie Lee,42,Software Engineer,CodeWorks,Seattle,charlie.lee@codeworks.com
Diana Patel,27,UX Designer,Creatix,Chicago,diana.patel@creatix.com
Edward Kim,31,Marketing Analyst,MarketMinds,Austin,edward.kim@marketminds.com
Fatima Hassan,38,Business Analyst,BizInsight,Dallas,fatima.hassan@bizinsight.com
George Nguyen,26,Data Engineer,CloudGate,San Jose,george.nguyen@cloudgate.com
Helen Torres,30,HR Manager,PeopleFirst,Atlanta,helen.torres@peoplefirst.com
Ivan Petrov,33,DevOps Engineer,InfraHub,Denver,ivan.petrov@infrahub.com
Julia Brown,28,QA Engineer,SoftSecure,Boston,julia.brown@softsecure.com
Kevin Zhang,45,CTO,NextTech,Los Angeles,kevin.zhang@nexttech.com
Laura Green,39,Account Executive,SalesSphere,Phoenix,laura.green@salessphere.com
Mohammed Ali,36,Financial Analyst,FinSolve,Houston,mohammed.ali@finsolve.com
Natalie Young,24,Graphic Designer,PixelArt,Miami,natalie.young@pixelart.com
Oscar Davis,40,Solutions Architect,BuildNet,Charlotte,oscar.davis@buildnet.com
Priya Mehta,32,Content Strategist,MediaWise,Portland,priya.mehta@mediawise.com
Quinn Brooks,29,AI Researcher,NeuroLabs,Palo Alto,quinn.brooks@neurolabs.com
Rajiv Nair,37,System Administrator,SecureLink,Detroit,rajiv.nair@securelink.com
Sophie Miller,34,Recruiter,TalentMatch,Minneapolis,sophie.miller@talentmatch.com
Tom White,41,Operations Manager,FlowLogic,Philadelphia,tom.white@flowlogic.com
